_id,name,picture,country,categoryId,isHide,__v
6527a7a3306805034dfd60fd,Apple,https://res.cloudinary.com/dgj5oa5c0/image/upload/v1717433696/uwgxcuxvmjhppx5oleyt.png,USA,6527a590306805034dfd6055,false,0
6527a7c6306805034dfd6100,Samsung,https://res.cloudinary.com/dgj5oa5c0/image/upload/v1697097659/mkg6kdvgvcrqimuhgksw.png,South Korea,6527a590306805034dfd6055,false,0
6527a7d9306805034dfd6103,Xiaomi,https://res.cloudinary.com/dgj5oa5c0/image/upload/v1697097682/dbdmveccal21n2hpc0ih.png,China,6527a590306805034dfd6055,false,0
6527a7ea306805034dfd6106,Redmi,https://res.cloudinary.com/dgj5oa5c0/image/upload/v1697097700/pg3zp4rid1wmfvchxpip.png,China,6527a590306805034dfd6055,false,0
6527a7f8306805034dfd6109,Oppo,https://res.cloudinary.com/dgj5oa5c0/image/upload/v1697097714/x5gvep7ctqfvrc4qwfcf.png,China,6527a590306805034dfd6055,false,0
6527a815306805034dfd610c,Huawei,https://res.cloudinary.com/dgj5oa5c0/image/upload/v1697097740/poujlijhr7liibs4q8oi.png,China,6527a590306805034dfd6055,false,0
6527aaab306805034dfd6127,Nokia,https://res.cloudinary.com/dgj5oa5c0/image/upload/v1697098381/wovn1wtnb4xodolnxyda.png,Finland,6527a590306805034dfd6055,false,0
6527aede9df64090ef867419,Apple,https://res.cloudinary.com/dgj5oa5c0/image/upload/v1697099478/cwqm21i47e8sdjk17jri.png,USA,6527a5d0306805034dfd6083,false,0
6527aeec9df64090ef86741c,Apple,https://res.cloudinary.com/dgj5oa5c0/image/upload/v1697099495/lfg80xiqdnnbxrgwkm2g.png,USA,6527a6a7306805034dfd608b,false,0
6527aef79df64090ef86741f,Apple,https://res.cloudinary.com/dgj5oa5c0/image/upload/v1697099506/hd2dn9dfguvwgnu7kbax.png,USA,6527a5e5306805034dfd6085,false,0
6527b1c20c541a2ed8c5a35b,Samsung,https://res.cloudinary.com/dgj5oa5c0/image/upload/v1697100224/v1etflbff3uhpqmq1z5m.png,South Korea,6527a5d0306805034dfd6083,false,0
6527b1d70c541a2ed8c5a35e,Xiaomi,https://res.cloudinary.com/dgj5oa5c0/image/upload/v1697100238/uefghxthouibnrkg2bsr.png,China,6527a5d0306805034dfd6083,false,0
6527b1e30c541a2ed8c5a361,Oppo,https://res.cloudinary.com/dgj5oa5c0/image/upload/v1697100254/n3qon6lgjtzwinrgbxda.png,China,6527a5d0306805034dfd6083,false,0
6527b24a0c541a2ed8c5a36d,Oppo,https://res.cloudinary.com/dgj5oa5c0/image/upload/v1697100354/hjxz8o9bf4jin1wtgukk.png,China,6527a5e5306805034dfd6085,false,0
6527b3020c541a2ed8c5a400,Apple,https://res.cloudinary.com/dgj5oa5c0/image/upload/v1697100539/mjxn7hdaqk8ebtufsk3r.png,USA,6527a69e306805034dfd6089,false,0
6527b3cf0c541a2ed8c5a4c2,Samsung,https://res.cloudinary.com/dgj5oa5c0/image/upload/v1697100750/f3hchf8xgezyktopcbr0.png,South Korea,6527a69e306805034dfd6089,false,0
6527b3e30c541a2ed8c5a4c5,Xiaomi,https://res.cloudinary.com/dgj5oa5c0/image/upload/v1697100762/vyub7swux7uykluotahd.png,China,6527a69e306805034dfd6089,false,0
6527b5080c541a2ed8c5a4d1,Samsung,https://res.cloudinary.com/dgj5oa5c0/image/upload/v1697101058/pumvfntnkrutwflqx1ai.png,South Korea,6527a6a7306805034dfd608b,false,0
6527b5200c541a2ed8c5a4d4,Xiaomi,https://res.cloudinary.com/dgj5oa5c0/image/upload/v1697101078/udaywtfyywl60tddye8d.png,China,6527a6a7306805034dfd608b,false,0
6527b67a0c541a2ed8c5a4ed,Oppo,https://res.cloudinary.com/dgj5oa5c0/image/upload/v1697101432/apbice1qvzxbln5oytbd.png,China,6527a6a7306805034dfd608b,false,0
654a7b00e2f2ed43f292acc4,Dell,https://res.cloudinary.com/dgj5oa5c0/image/upload/v1699379961/ddate8zneukhsdsdyard.webp,USA,654a7adae2f2ed43f292acbf,false,0
6558c3f2b6f1089272e43dcc,Xmobile,https://res.cloudinary.com/dgj5oa5c0/image/upload/v1700316141/gpdqt6dj9svebg5heam2.jpg,Trung Quốc,6527a69e306805034dfd6089,false,0
661555e57f36bad7fc3d5354,Apple,https://res.cloudinary.com/dgj5oa5c0/image/upload/v1712674271/p6nxgygygzymj0ajgwan.png,Mỹ,661555947f36bad7fc3d5330,false,0
66288bad11c601b0307f133f,Xmobile,https://res.cloudinary.com/dgj5oa5c0/image/upload/v1713933227/jrwboak7lcc90ijt8je6.jpg,China,6527a5e5306805034dfd6085,false,0
6628965e11c601b0307f19c5,Ava,https://res.cloudinary.com/dgj5oa5c0/image/upload/v1713935963/sh6h9cvkmgm4b4jovudu.jpg,USA,6527a6a7306805034dfd608b,false,0
6682cc7aeb6339acf9639421,Apple,https://res.cloudinary.com/dgj5oa5c0/image/upload/v1719848057/w46deqloxlyy2uvstejb.png,USA,6629ecf711c601b0307f5d0b,false,0
6682ccb4eb6339acf9639440,Laptop,https://res.cloudinary.com/dgj5oa5c0/image/upload/v1719848116/ji9bf905wwq4qqdmi8qo.png,a,6682cc9eeb6339acf9639432,false,0
